name,type,district
Abundance Limited,Local,Machinga
Action For Rural Development,Local,Nsanje
Alleluya Care Centre,International,Mangochi
AMECA Healthcare Africa Ltd,Local,Blantyre
AN NASIHAH Trust,Local,Lilongwe
AN-NUR Charity Foundation,Local,Lilongwe
ASNEP Global,Local,Blantyre
Able Foundation,Local,Lilongwe
"Access Health Africa, INC",International,Lilongwe
Access Trust,Local,Lilongwe
Action Ministries Trust,Local,Ntcheu
Action for progress,Local,Lilongwe
Affordable Solar for Villagers,Local,Blantyre
Afriana foundation,Local,Lilongwe
Africa For Christ Missions,International,Lilongwe
Africa Inspire Foundation,Local,Lilongwe
African Aid Trust,Local,Mwanza
African Human Trust,Local,Blantyre
African Institute of Corporate Citizenship,Local,Lilongwe
African Relief Trust,Local,Blantyre
African Vision Malawi,International,Lilongwe
Against All Odds Still Standing,International,Lilongwe
Ahava Ministries,Local,Chikhwawa
Ahlus Sunnah Foundation,Local,Lilongwe
Aid International Trust,International,Blantyre
Al Wesal Organization,Local,Salima
Al-Falah Charitable Trust,Local,Zomba
Al-haqq Islamic Trust,Local,Blantyre
Alimahomed Hassam Trust,Local,Mangochi
Alliance Development Africa Foundation Limited,Local,Blantyre
Amitofo Care Centre,International,Blantyre
Amitofo Care Centre Lilongwe,Local,Lilongwe
Angsoma Development Commission,Local,Blantyre
Aquaid Lifeline Malawi,Local,Blantyre
Assemblies of God Care,Local,Lilongwe
Association of Progressive Women,Local,Mwanza
Association of Sunni Madrassahs,Local,Lilongwe
BASEflow,Local,Blantyre
BOTH ENDS BELIEVING,International,Lilongwe
BRIDGE ACADEMY,Local,Lilongwe
Bambino Foundation,Local,Lilongwe
Banja La Mtsogolo,Local,Lilongwe
Basic Services Development Agency,Local,Lilongwe
Baylor College of Medicine Children’s Foundation-Malawi,International,Lilongwe
Better World,International,Blantyre
Bhubesi Pride Foundation,Local,Lilongwe
Bilal Trust,Local,Blantyre
Blue Earth institution,Local,Karonga
CARMA,Local,Nkhatabay
CARVE-Africa,Local,Lilongwe
Community-Based Transformative Actions Organisation,Local,Mangochi
CORPS Africa,Local,Lilongwe
Campaign for Health Education Sanitation and Hygiene,Local,Blantyre
Canadian Physician for Aid and Relief-Malawi,International,Lilongwe
Cape Maclear Learning and Development,International,Mangochi
Catholic Relief services,International,Lilongwe
Center for Adolescent Girls and Young Women Initiatives,Local,Lilongwe
Centre for Arts Education and Development,Local,Lilongwe
Centre for Community Empowerment Initiatives,Local,Mzuzu
Centre for Community Organisation and Development,Local,Lilongwe
Centre for Excellence and Integrity in Education,Local,Mzuzu
Centre for Humanity and Sustainable Development (CHUSDE),Local,Kasungu
Centre for Multiparty democracy,Local,Lilongwe
Centre for Social Accountability and Transparency,Local,Lilongwe
Chanasa,Local,Blantyre
Chididi Health for All Foundation,Local,Nsanje
Chifona Trust,Local,Thyolo
Child Help SBH,Local,Blantyre
ChildCare Organisation,Local,Machinga
Children With Potential Foundation,Local,Chitipa
Children of Hope Organisation,Local,Mulanje
Children of the Nations,Local,Lilongwe
Chimwemwe Mu’bereki Association,Local,Lilongwe
Chipembere Community Development Organisation,Local,Thyolo
Christian Aid Malawi,International,Lilongwe
Churches Action in Relief and Development,Local,Blantyre
Circle J Ministries International,International,Blantyre
Citizen Alliance,Local,Lilongwe
Clinton Health Access Initiative,International,Lilongwe
Co-operative Development Foundation of Canada,International,Lilongwe
Community Development Footprints,Local,Nkhatabay
Community Development Initiative,Local,Lilongwe
Community Energy Malawi,Local,Lilongwe
Community Impact,Local,Lilongwe
Community Initiative for Self Reliance,Local,Mangochi
Compact Resource Foundation International,International,Lilongwe
Compassion International,International,Lilongwe
Compassion Kind Foundation,Local,Salima
Computers for Enhanced Education,Local,Lilongwe
Concern Worldwide,International,Lilongwe
Consumers Association of Malawi,Local,Blantyre
Cornerstone Ministries,Local,Salima
Creative Youth Organization,Local,Nsanje
DARUL QURAN FOUNDATION,Local,Salima
Dawat E Islami,Local,Blantyre
Dawn Aid Limited,Local,Salima
Destiny of Humanity and Care for Refugees Organisation,Local,Lilongwe
Development Action for Marginalised Rural Areas,Local,Rumphi
Direct Aid International,Local,Lilongwe
Direct Connections to Africa,Local,Mangochi
Drug Fight Malawi,Local,Lilongwe
Dusty Orange Projects Et Al (Unlocking potential through creativity & innovation),Local,Lilongwe
"EWS Foundation (Environmental, Water, Sanitation Foundation)",Local,Ntchisi
Education Expertise Development Foundation,Local,Blantyre
Ekwendeni Women DAWA Organisation,Local,Mzimba
Emerge Livelihoods,Local,Mzuzu
Emerging Public Leaders of Malawi,International,Lilongwe
Emmanuel International,Local,Zomba
Entrepreneurs Community Solutions and Innovative Development,Local,Nkhotakota
Evangelical Lutheran Development Service,Local,Lilongwe
Evidence Action,International,Lilongwe
Extending Hope Organization,Local,Blantyre
FLORESTA,Local,Nkhatabay
Formidable Joy,International,Mzimba
Friends for the Elderly,Local,Ntchisi
Family Health International (FHI 360),International,Lilongwe
Family Health Services,Local,Lilongwe
Family Planning Association of Malawi,Local,Lilongwe
"Feed the Children, Inc",International,Lilongwe
Floja Foundation,Local,Karonga
Forum for Peace and Justice,Local,Mangochi
Forum for Youth Development,Local,Machinga
Foundation for Children’s Rights,Local,Mzuzu
Foundation for Community Livelihood and Development,Local,Blantyre
Fount For Nations,Local,Lilongwe
Fountain of Hope(FOHOP),Local,Blantyre
Freshwater Project,Local,Zomba
Friends of Aids Support Trust,Local,Nsanje
Friends of Mulanje Orphans,International,Mulanje
Future Planning for the Child,Local,Karonga
Future4All,Local,Ntcheu
GEWO Foundation (GARDEN OF EDEN WOMEN),Local,Ntcheu
Gift of the Givers Foundation,International,Blantyre
Girls Evolve,Local,Rumphi
Global Health Corps,International,Lilongwe
God Cares Rights Foundation,Local,Mzuzu
Good News For Schools,Local,Blantyre
Good People International,International,Blantyre
Good Results for All,Local,Ntchisi
Gospel in Action Ministries,Local,Dowa
Grace Ministries,Local,Lilongwe
Green Girls Platform,Local,Lilongwe
Gulugufe,Local,Chikhwawa
HOPE FOR A HOPLESS CHILD,Local,Chitipa
HWPL-ZA PEACE ACADEMY,International,Lilongwe
Habitat for Humanity Malawi,Local,Lilongwe
Hands at Work in Africa,International,Dedza
Hands of Hope,Local,Chikhwawa
Health Through Walls Malawi,Local,Blantyre
Health in Motion,Local,Nkhatabay
Healthwise,Local,Lilongwe
Heart to Heart Foundation,International,Zomba
Heifer  Project International,International,Lilongwe
Her for Tech,Local,Blantyre
Hope International Malawi,International,Lilongwe
Hope of Glory International Ministries,Local,Nkhotakota
Human Development Services,Local,Blantyre
Hygiene Village Project,Local,Blantyre
IM Swedish Development Partner,International,Lilongwe
INNITIATIVE FOR DEVELOPMENT EFFECTIVENESS AND ACCOUNTABILITY,Local,Lilongwe
INNOVATION : AFRICA,International,Zomba
INTEGRATED CENTER FOR WOMEN AND YOUTH EMPOWERMENT,Local,Lilongwe
INTERNATIONAL TRAINING AND EDUCATION CENTER FOR HEALTH,International,Lilongwe
ISRAAID-MALAWI,Local,Blantyre
Imagine Afrika,Local,Blantyre
Imaging the World Africa,International,Blantyre
Institute for Partcipatory Engagement and Quality Improvement,Local,Zomba
International Foundation for Electoral Systems,International,Lilongwe
International Fund for Animal Welfare Limited,Local,Blantyre
Inua Advocacy,Local,Lilongwe
Islamic Zakaat Fund,Local,Blantyre
Islamic relief-Malawi,International,Blantyre
Joyful Kids Organisation,Local,Lilongwe
Jacaranda Foundation,Local,Blantyre
Joint Village Development Initiative,Local,Zomba
KARA OLMURANI,Local,Lilongwe
Kachere Progressive Women’s Group,Local,Blantyre
Kawjo Foundation,Local,Lilongwe
Kids World Outreach Society,Local,Blantyre
Kingdom Workers,International,Blantyre
Kondanani Children’s Village,Local,Blantyre
Kukula Limited,Local,Karonga
Kunyumba Trust,Local,Salima
Kuphunzitsa Village Trust,Local,Zomba
LEAD HER,Local,Chiradzulu
LIU LA MUNTHU,Local,Blantyre
LUSUBILO COMMUNITY CARE,Local,Karonga
Labour Rights Organisation,Local,Blantyre
Ladder for Rural Development,Local,Ntchisi
Life Child International Trust,International,Blantyre
Life Coaching Ministry,Local,Lilongwe
Life Concern Organisation,Local,Rumphi
Lighthouse Trust,Local,Lilongwe
Lilongwe Society for the protection and Care of Animals,Local,Lilongwe
Lilongwe Urban Women’s  Forum,Local,Lilongwe
Limodzi Foundation,Local,Mwanza
Link Community Development,Local,Lilongwe
Link for Education Governance,Local,Lilongwe
Little Seeds Foundation,Local,Lilongwe
Livn global,International,Lilongwe
Love Driven Ministries,Local,Salima
Lydia Action,Local,Lilongwe
MOYO NGWATHU,Local,Lilongwe
MTENDERE ORPHAN CARE LIMITED,Local,Lilongwe
MTISUNGE AIDS  and  COMMUNITY DEVELOPMENT SUPPORT ORGANIZATION,Local,Nkhatabay
Maeve Project,Local,Lilongwe
Mai Aisha Trust,Local,Blantyre
Malawi Alcohol Policy Alliance,Local,Lilongwe
Malawi Children’s Village,Local,Mangochi
Malawi Relief Fund – UK,International,Blantyre
Malawi Scotland Partnership,Local,Lilongwe
Malawi Union of The Blind,Local,Blantyre
Malawi Volunteer Organisation,Local,Mangochi
Matunkha Development Trust,Local,Rumphi
McKallies Home of Future and Hope,Local,Blantyre
Meeting Hub,Local,Lilongwe
Mehboob Memorial Centre,Local,Mangochi
Melon Heart Foundation,Local,Zomba
Mercy Beyond Borders,International,Blantyre
Merry Year International,International,Lilongwe
Milo 5,Local,Lilongwe
Ministry of Hope,Local,Lilongwe
Mlambe Health and Social Trust,Local,Zomba
Mlango Associations,Local,Mulanje
Mobile Journalism Initiative,Local,Mzuzu
Mudzi Connect,Local,Lilongwe
Mustard Seed School of Ministry,Local,Lilongwe
Muthange Development Association,Local,Blantyre
Mwanza AID’S Support Organization,Local,Mwanza
NAMWILA TRANSFORMATION DEVELOPMENT CENTRE,Local,Chitipa
NGO Coalition on Child Rights,Local,Lilongwe
NJIRA IMPACT,Local,Nkhotakota
Namulenga Development Foundation,Local,Mulanje
"Nanze Children’s Services, INC",International,Dedza
National Association for Young People Living with HIV,Local,Lilongwe
National Democratic Institute for International Affairs,International,Lilongwe
National Youth Network on Climate Change (NYNCC),Local,Lilongwe
Native Youth Animators for Development,Local,Nsanje
Nayuchi Aids Network services,Local,Machinga
Needed Actions for Community Care & Development,Local,Mangochi
New Restoration Ministries International,Local,Lilongwe
Norwegian Church Aid,International,Lilongwe
Ntchisi Organisation for Youth and Development,Local,Ntchisi
Nyale Institute for Sexual and Reproductive Health Governance(Nyale Institute),Local,Blantyre
Nyumba Ya Tsogolo,Local,Machinga
One Acre Fund,International,Zomba
One World One Family Foundation,Local,Zomba
Operation SAVE,Local,Lilongwe
Opportunity International Malawi,International,Lilongwe
Orphan Ministries,Local,Salima
Othakarhaka Charity Foundation,Local,Mulanje
PARTNERS FOR SUSTAINABLE DEVELOPMENT,Local,Blantyre
PASTOR CHADZELA FOUNDATION,Local,Balaka
Pace Academy Foundation Inc,International,Lilongwe
Pakaya Initiative,Local,Mzimba
Pan African Civic Educators Network,Local,Thyolo
Participatory Ecological Land Use Management,Local,Blantyre
Partners In Harvest Africa,International,Nsanje
Pashello Charitable Trust Limited,Local,Chikhwawa
Pentecostal Holiness Association  Relief and Development Organization,Local,Chitipa
Phalombe Youth Arms Organization,Local,Phalombe
Positivo,Local,Zomba
QED Africa Foundation,Local,Lilongwe
REGISTERED TRUSTEES OF NATURALLY AFRICA,Local,Mangochi
ROAD SAFETY ALERT FOUNDATION,Local,Mzuzu
RUGBY FOR EDUCATION,Local,Lilongwe
RURAL MARKET DEVELOPMENT TRUST,Local,Lilongwe
Reaching People in Need,International,Machinga
Restored-Hope Foundation for Rural Development,Local,Phalombe
Ripple Africa,International,Nkhatabay
River of Life Organisation,Local,Phalombe
Road Safety Ambassadors,Local,Lilongwe
SEED SOWERS TRUST,International,Blantyre
SHARJAH CHARITY HOUSE,Local,Blantyre
SRHR Africa Trust,International,Lilongwe
Sababa Agriculture Foundation,Local,Mzuzu
Safe Space Allies Organization,Local,Lilongwe
Save Us,Local,Lilongwe
Sceptre Youth Skills Development Centre,Local,Salima
Schools and Colleges Permaculture,Local,Lilongwe
Seed Global Health Limited,International,Lilongwe
Seed of Hope Charity Organization,Local,Lilongwe
Segal Family Foundation,International,Lilongwe
Self Help Africa,International,Lilongwe
Shalom Care International Organization,Local,Salima
Shaping our future Foundation,Local,Lilongwe
Shine on Malawi,Local,Mzimba
Sightsavers International,International,Lilongwe
Social Cultural Association,International,Thyolo
Social Economic Enhancement and Enterprise Development,Local,Mangochi
St John Council Malawi,Local,Blantyre
Stand as One Ministry,Local,Lilongwe
StarFish,Local,Salima
Starlight Organisation,Local,Blantyre
Step Up,Local,Blantyre
Story Time,International,Zomba
Sue Ryder Foundation in Malawi,Local,Balaka
THE LIKULEZI PROJECT ORGANISATION,Local,Phalombe
THEMBI COMMUNITY INITIATIVE,Local,Chitipa
THRIVING COMMUNITY FOUNDATION,Local,Blantyre
TearDryers,Local,Blantyre
Tearfund,International,Lilongwe
Teen Missions International,International,Salima
The Children’s Fund,Local,Blantyre
The Hunger Project,International,Blantyre
The Initiative for Climate Action and Development,Local,Lilongwe
The Registered Trustees of Collaborative African Network for Childhood Cancer Care and Research,International,Blantyre
The Registered Trustees of Ethel nkosi Foundation,Local,Blantyre
The Registered Trustees of Spinal Injuries Association of Malawi,Local,Blantyre
Tikondane Positive Living Suport Organisation,Local,Zomba
Tilitonse Foundation,Local,Lilongwe
Timotheos Foundation,Local,Blantyre
Tingathe,Local,Lilongwe
Tiwasunge Community Support Organisation,Local,Chiradzulu
Tongole Foundation,Local,Lilongwe
Torch Trust For The Blind International,International,Blantyre
Trustees of Agricultural Promotion Programme,Local,Lilongwe
Trustees of Traditional Healers Research and Counselling Association,Local,Mzuzu
Tsogolo La Ana Organization,Local,Blantyre
UMOJA PEOPLE WITH DISABILITIES,Local,Dowa
Ubuntunet Alliance for Research and Education Networking,International,Lilongwe
Ujamaa Pamodzi Africa,International,Lilongwe
Ulalo,Local,Mzuzu
Umunthu Mu Umoyo,Local,Lilongwe
Umunthu Plus,Local,Nkhotakota
Urunji Child-Care Trust,Local,Lilongwe
VOLUNTARY AID SERVICES ORGANISATION,Local,Lilongwe
Victory Christian Children’s Home,Local,Thyolo
Village Schools,Local,Lilongwe
Village X,Local,Blantyre
Vision For Development,Local,Chiradzulu
Visual Hearing Impairment of Membership Association,Local,Blantyre
Voice Of Women With Disability,Local,Ntcheu
Voice of Nkhatabians,Local,Nkhatabay
Voices Awake Girls Organization,Local,Salima
WARMHEART MINISTRY,Local,Lilongwe
WAY Ministries,Local,Blantyre
Warm Hearts Foundation,International,Mangochi
Water Missions International,International,Lilongwe
We Effect,International,Lilongwe
WeForest Limited,Local,Mulanje
When the Saints,International,Dowa
Wildlife Action Group,Local,Salima
Wildlife and Natural Resources Conservation and Rehabilitation Trust,Local,Lilongwe
Winrock International,International,Lilongwe
Women Alliance Organization,Local,Phalombe
Women of Virtue International Christian Charity Organisation,Local,Blantyre
World Association Friends of Africa,Local,Zomba
World Relief International,International,Lilongwe
World Vision International Malawi,International,Lilongwe
World of Difference,International,Lilongwe
Yembekeza Foundation,Local,Lilongwe
Young Women Rise,Local,Chiradzulu
Youth Care ministries,Local,Lilongwe
Youth Empowerment and Support Initiative,Local,Salima
Youth Impact Malawi,Local,Machinga
Youth Initiative for Community Development,Local,Dedza
Youth Watch Society,Local,Mzuzu
Youth and Community Development Organisation,Local,Nkhotakota
boNGO – based on Need-driven Grassroots Ownership,Local,Blantyre
Footstepsafricamw,Local,Blantyre
2ND Milk Ministry Limited,Local,Lilongwe
AFRICA HELPING HAND,Local,Lilongwe
AFRICA PROJECT AGAINST SUICIDE,Local,Zomba
AIDS Healthcare Foundation,International,Lilongwe
ANAMAGELO CHARITY TRUST,Local,Mangochi
ASSOCIATION OF SOCIAL WORKERS.,Local,Lilongwe
AZITONA DEVELOPMENT SERVICES,Local,Balaka
Action Aid Malawi Ltd,Local,Lilongwe
Action Hope Malawi,Local,Zomba
Action for Environmental Sustanability,Local,Blantyre
Action for HealthCare Foundation,Local,Blantyre
Action for Sustainable Development,Local,Mzimba
Active Aid in Africa,Local,Nsanje
Advancing Girls’ Education in Africa,Local,Blantyre
Adventist development and Relief Agency,Local,Lilongwe
Africa Child Misssion,Local,Salima
Africa Innovate,Local,Lilongwe
Africa Windmill Project,International,Lilongwe
Africa Windmills Limited,Local,Lilongwe
African Fertilizer and Agribusiness Partnership,International,Lilongwe
African Network for Prevention and Protection Against Child Abuse and Neglect,Local,Blantyre
Africathletics,International,Zomba
Afrogarden,International,Phalombe
Agape Farm Ministry,Local,Salima
Agricultural Commodity Exchange for Africa  Trust,Local,Lilongwe
Al-Qasim,Local,Blantyre
Alliance for Children Everywhere,International,Lilongwe
Amref Health Africa – Malawi,International,Lilongwe
Andiamo Youth Cooperative Trust,Local,Balaka
Angaliba Foundation,Local,Machinga
Anglican Council in Malawi,Local,Lilongwe
Anti Human Trafficking and Victim Rehabilitation Bureau,Local,Lilongwe
Art and Global health centre Africa,Local,Zomba
Association of Early Childhood Development in Malawi,Local,Blantyre
Association of Malawian Midwives,Local,Lilongwe
BIODIVERSITY AND ENVIRONMENTAL RESTORATION TRUST,Local,Lilongwe
BROTHER2BROTHER,Local,Zomba
Badilika Foundation,Local,Blantyre
Baobab Health Trust,Local,Lilongwe
Baptist Development Services,Local,Lilongwe
Barakah Charity,Local,Blantyre
Bedir Education and Medical Foundation Trust,Local,Blantyre
Better Life Trust,Local,Zomba
Better World for Orphans and Widows,Local,Zomba
Beyond Our Hearts Foundation,Local,Neno
Beyond Suncare,International,Lilongwe
Biodiversity Conservation Initiative,Local,Mzuzu
Blantyre Institute for Commuinity Ophthalmology,Local,Blantyre
Blantyre Society for Protection and Care of Animals,Local,Blantyre
Build On,International,Kasungu
Butterfly Foundation for Peace,Local,Blantyre
CAMFED Malawi,International,Blantyre
CANNAN INTERNATIONAL OUTREACH MINISTRIES,International,Lilongwe
CARE  Malawi,International,Lilongwe
CBM Christoffel-Blinden Mission Christian Blind Mission e.V,International,Lilongwe
CENTRE FOR ACTIVE YOUTH IN DEVELOPMENT,Local,Phalombe
"CENTRE FOR DOWN SYNDROME, SICKLE CELL DISEASES AND AUTISM",Local,Lilongwe
CHARITY FOR FUTURE,Local,Mangochi
CHESTER THETE FOUNDATION,Local,Nsanje
CHILD AID MALAWI,Local,Lilongwe
CHIPUNGA CENTRE FOR YOUTH AND RURAL DEVELOPMENT,Local,Nkhatabay
CHITIPA DEVELOPMENT TRUST,Local,Chitipa
CIHEB INITIATIVE,Local,Lilongwe
Caring Hands Centre Limited,Local,Lilongwe
Caring for Persons with Disabilities,Local,Blantyre
Center for Education Promotion and Advancement of the Rights of Adolescent Mothers,Local,Zomba
Centre for Alternatives for Victimized Women and Children,Local,Blantyre
Centre for Child Development and Research,Local,Lilongwe
Centre for Civil Society Strengthening,Local,Lilongwe
Centre for Climate Change and Environment Management,Local,Blantyre
Centre for Community Change & Youth Development,Local,Machinga
Centre for Community Development and Empowerment Foundation,Local,Neno
Centre for Conflict Management and Women Development Affairs,Local,Chiradzulu
Centre for Democracy and Economic Development Initiatives,Local,Lilongwe
Centre for Development Communications,Local,Blantyre
Centre for Development of People,Local,Lilongwe
Centre for Environmental Policy and Advocacy,Local,Blantyre
Centre for Good Governance Human Rights and Education,Local,Zomba
Centre for Human Rights Education Advice and Assistance,Local,Blantyre
Centre for Human Rights and Rehabilitation,Local,Lilongwe
Centre for Integrated Rural Development,Local,Nkhotakota
Centre for International Programs,International,Lilongwe
Centre for Research and International Development,International,Zomba
Centre for Social Change,Local,Lilongwe
Centre for Solutions Journalism,Local,Chiradzulu
Centre for Sustainable Community Development,Local,Kasungu
"Centre for Sustainable Livelihoods, Wellness and Innovation",Local,Lilongwe
Centre for Visual Storytelling,Local,Lilongwe
Centre for Youth Empowerment and Civic Education,Local,Lilongwe
Child Focus Organisation,Local,Balaka
Child Legacy International,International,Lilongwe
Child and Youth Connect Foundation,Local,Chitipa
Children and Women Care Organization,Local,Lilongwe
Children of Southern Africa,Local,Lilongwe
Chinansi Foundation,Local,Balaka
Chitani Community Sustainable Development Organization,Local,Blantyre
Chitipa Restoration Project,Local,Chitipa
Chitukuko Foundation,Local,Salima
Christian Aid and Literature Africa,Local,Lilongwe
Christian Health Association in Malawi,Local,Lilongwe
Christian Youth Association of Malawi_CYAMA,Local,Lilongwe
Circle for Intergrated Community Development,Local,Lilongwe
Circle of Hope,Local,Dowa
Citizen Goal Guidance,Local,Lilongwe
Citizen Impact Foundation,Local,Lilongwe
Citizen Impact Organisation,Local,Mzuzu
Civil Society Agriculture Network,Local,Lilongwe
Civil Society Coalition on Social Accountability & Transparency,Local,Dowa
Civil Society Education Coalition,Local,Lilongwe
Civil Society Network on Climate Change,Local,Lilongwe
Civil Society Organisation Nutrition Alliance,Local,Lilongwe
Coalition of Women and Girls  Living with HIV/AIDS,Local,Lilongwe
Collective Action for Rural Development,Local,Lilongwe
Community Action Development Organisation,International,Blantyre
Community Action for Sustainable Development Organization,Local,Neno
Community Agribusiness Partners,Local,Lilongwe
Community Based Natural Resource Management Forum,Local,Kasungu
Community Behaviour Change Initiative ( CBCI),Local,Lilongwe
Community Holistic Approach To Pandemics Services,Local,Dedza
Community Hope Organisation,Local,Blantyre
Community Initiative for Social Empowernment,Local,Mchinji
Community of Saint Egidio,International,Blantyre
Community partnership for Relief and development,Local,Blantyre
Concerned Youth Organization,Local,Blantyre
"Cooper/Smith Trading as International Monitoring and Evaluation, LLC",International,Lilongwe
Cooperazione Internazionale,International,Lilongwe
Corporate Africa International Foundation,Local,Lilongwe
Covenant Centre for Development,Local,Blantyre
Creative Centre for Community Mobilisation,Local,Zomba
Cultivating New Frontiers in Agriculture,International,Lilongwe
D-Tree international,International,Lilongwe
DISABILITY EMPOWERMENT INITIATIVE,Local,Lilongwe
DOCTORS FOR LIFE INTERNATIONAL,Local,Machinga
DVV International,International,Lilongwe
Darussunah Foundation,Local,Salima
Davies Fundraising,Local,Nsanje
Democracy Works Foundation,International,Lilongwe
Design Outreach,International,Lilongwe
Developed Medical Imaging,Local,Blantyre
Development Aid People to People,Local,Blantyre
Development Concept,Local,Machinga
Development Fund of Norway,International,Lilongwe
Development Initiative Network,Local,Chikhwawa
Development Media International,International,Lilongwe
Development Resource for Empowerment & Action Mentorship,Local,Kasungu
Development communications Trust,Local,Blantyre
Direct Impact Foundation for Youth,Local,Lilongwe
Divine Mission Ministries,Local,Lilongwe
Do for Children,Local,Lilongwe
Dochas Education Trust Malawi,International,Nsanje
Domwe Active Youth Organization,Local,Blantyre
EAGLE RELIEF,Local,Blantyre
EDUNITE2SERVE,Local,Lilongwe
Eagles Relief and Development Programme International,Local,Blantyre
Early Childhood Development Coalition (Malawi),Local,Lilongwe
Edukans Mw,International,Lilongwe
Elizabeth Glaser Pediatric Aids Foundation,International,Lilongwe
Empower,International,Lilongwe
Epilepsy Warriors Foundation,Local,Blantyre
Episcopal Conference of Malawi,Local,Lilongwe
Eva Demaya Center,Local,Rumphi
Evangelical Association of Malawi,Local,Lilongwe
Ex – SOLDIERS CHARITY ORGANIZATION,Local,Lilongwe
Extra Mile Development Foundation,Local,Mzimba
Eye of the Child,Local,Lilongwe
FANET LIMITED,Local,Zomba
FARM CONCERN INTERNATIONAL,Local,Lilongwe
FARMERS VOICE AFRICA,Local,Lilongwe
FIGHT AIDS MALAWI,Local,Lilongwe
FOUNDATION FOR WOMEN AND GRILS EMPOWERNMENT,Local,Karonga
Fairtrade Africa,International,Blantyre
Family Development Services,Local,Blantyre
Farm Radio Trust,Local,Lilongwe
Farmers union of Malawi,Local,Lilongwe
Fatima Centre,Local,Chiradzulu
Federation of Disability Organisation in Malawi,Local,Blantyre
Federation of Women and Youth in Mining,Local,Lilongwe
Feed the Children-Malawi,Local,Blantyre
Feed the Sheep,Local,Lilongwe
Female Sex Workers Association,Local,Lilongwe
Fert Walima,Local,Mzimba
Finance Assistance Change Education,International,Neno
Find Your Feet,Local,Mzuzu
"Fishers, Trainers and Senders Missions",Local,Lilongwe
Fishersman’s Rest Community Projects,Local,Blantyre
Focus on Ability Society,Local,Blantyre
For Equality,Local,Lilongwe
For a Change,Local,Blantyre
Forum for Africa Women Educationalist in malawi,Local,Lilongwe
"Foundation for A Smoke-Free World, Inc DBA Agriculture Transfomation Initiative",International,Lilongwe
Foundation for Active Civic Education,Local,Nsanje
Foundation for Civic Education and Social Empowerment,Local,Blantyre
Foundation for Community Support Services,Local,Karonga
Foundation for Community Welfare,Local,Zomba
Foundation for Irrigation and Sustainable Development,Local,Lilongwe
Foundation of Girls Education and Health Network,Local,Lilongwe
Fountain of Hope,Local,Dowa
Freedom from Fistula Foundation,International,Lilongwe
Future Prospects,Local,Lilongwe
Future Vision Ministries-Canada,International,Zomba
GENESISI Manja Othandiza,Local,Blantyre
GLOBAL ALLIANCE OF NATIONS,Local,Chiradzulu
GUIDED AND ORIENTED APPROACH TO ATTAIN RESILIENCE,Local,Blantyre
Gender Support Programme,Local,Blantyre
Genero Justica Unidade Ltd,Local,Lilongwe
Girls Activist Youth Organisation,Local,Mchinji
Girls Empowerment Network,Local,Blantyre
Girls On The Lead Young Feminist Movement,Local,Kasungu
Give Directly Limited,International,Lilongwe
Global AIDS Interfaith Alliance Trust,Local,Blantyre
Global Communities,International,Lilongwe
Global Health Informatics Institute,Local,Lilongwe
Go Green Save Environment,Local,Nkhatabay
Goats for Girls,International,Lilongwe
Good Health Organisation,Local,Kasungu
Good Neighbours International,International,Lilongwe
Grace Farm and Childrens Home,Local,Mangochi
Grassroot Action and Support organization,Local,Dedza
Greater Hope Limited,Local,Lilongwe
HEEED Malawi,Local,Mangochi
Hands of Action,Local,Lilongwe
Hands of Hope Community Development Organization,Local,Ntchisi
Harmony For Families and Communities,Local,Zomba
Harvest Hope Home,Local,Nkhotakota
Healing -Child Initiative,Local,Zomba
Health for Everyone,Local,Lilongwe
Help a Child (Stichting Red een Kind ),International,Lilongwe
Hoho Action Plus,Local,Kasungu
Home Vision Support Project,Local,Nsanje
Hoodsmart Foundation,Local,Lilongwe
Hope House Orphan Care Foundation,International,Dowa
Hope Ministries International,Local,Lilongwe
Hope for People Empowerment Ministry (Hope Ministry),Local,Lilongwe
Hope plus,Local,Mzimba
Hope4Development,Local,Blantyre
Hopeview Resource Centre,Local,Mzimba
Human Rights Consultative Committee,Local,Lilongwe
Human Rights Defenders Coalition,Local,Lilongwe
IMAGINE WORLDWIDE LIMITED,Local,Lilongwe
IMPACT,Local,Lilongwe
INTERNATIONAL REPUBLICAN INSTITUTE,International,Lilongwe
IPAS MALAWI,Local,Lilongwe
Ifumbo Youth Organization,Local,Chitipa
Inclusion of the Excluded Preschool Children,Local,Lilongwe
Initiative for Community Development Services,Local,Blantyre
Institute for Policy Interaction,Local,Blantyre
Inter Aide,International,Lilongwe
International Centre for World Mission,International,Ntcheu
International Support & Partnership for Health / St Mary’s Hospital,International,Mzimba
Irish Rule of Law International,International,Lilongwe
Islamic Health Association of Malawi,Local,Blantyre
JHPIEGO,International,Lilongwe
"JSI Research and Training institute, INC",International,Lilongwe
JUSTICE IN SITU,Local,Lilongwe
Jallie Care Foundation,Local,Lilongwe
Jesuit Refugee Service,International,Lilongwe
John C. Thomas Children Foundation,Local,Lilongwe
Joshua Orphan and Community care,Local,Blantyre
Journalists Association Against AIDS,Local,Lilongwe
KENSINGTON LEADERSHIP INSTITUTE,Local,Lilongwe
KNCV Tuberculosis Foundation,International,Lilongwe
KUTI EXPERIENCE LIMITED,Local,Salima
Kachila Youth Initiative,Local,Karonga
Karonga Debate club,Local,Karonga
Kavuzi Camp Trust,Local,Mzuzu
Kindle Orphan Outreach,Local,Salima
Kusamala Institute of Agriculture and Ecology,Local,Lilongwe
LARAH MEMORIAL FUND,Local,Lilongwe
LEGAL SUPPORT FOR SUSTAINABLE ENVIRONMENT,Local,Lilongwe
LOFOM FOUNDATION,Local,Blantyre
LOHAM CHILD CARE MINISTRIES,International,Lilongwe
Ladder for Youth and Women Empowerment,Local,Zomba
Land Governance Alliance (LAGA),Local,Lilongwe
Last Mile Health,International,Lilongwe
Leadership for Environment and Development,Local,Zomba
Let’s Build,International,Lilongwe
Life Changing Foundation,Local,Lilongwe
Lifenet International,Local,Lilongwe
Lilongwe Institute of Orthopaedics and Neurosurgery Trust,Local,Lilongwe
Lilongwe Islamic Movement,Local,Lilongwe
Lilongwe Wildlife Trust,Local,Lilongwe
Limbe Muslim Jaamat,Local,Blantyre
Limbikani Centre for Development Organisation,Local,Mzimba
Live Love Limited,Local,Lilongwe
Living Hope International,Local,Zomba
Love Justice International,Local,Blantyre
Lower Shire Ambassadors,Local,Nsanje
Luke International,International,Mzuzu
MAA HAWA MADRASSAH,Local,Mzimba
MAKE A DIFFERENCE AFRICA,Local,Mzuzu
"MAM Community Advancement, Response, and Empowerment Services",Local,Blantyre
MATCH Foundation Limited,Local,Lilongwe
MEDICOM FOUNDATION,Local,Kasungu
MEHARRY MEDICAL COLLEGE GLOBAL HEALTH AND HIV CLINICAL SERVICES,Local,Zomba
METRO WORLD CHILD FOUNDATION,International,Lilongwe
MaiKhanda Trust,Local,Lilongwe
Malawi Business Coalition on Health,Local,Blantyre
Malawi Economic Justice Network,Local,Lilongwe
Malawi Electoral Support Nertwork,Local,Blantyre
Malawi Epidemiology and Intervention Research Unit,Local,Karonga
Malawi Girl Guides Association,Local,Lilongwe
Malawi Health Equity Network (MHEN),Local,Lilongwe
Malawi Human Rights Resource Centre,Local,Lilongwe
Malawi Interfaith Aids Association,Local,Lilongwe
Malawi Milk Producers Association,Local,Lilongwe
Malawi Network of AIDS Service Organisations,Local,Lilongwe
Malawi Network of Elderly Person’s Organisations,Local,Blantyre
Management Science for Health,International,Lilongwe
Maternity Worldwide Malawi,International,Zomba
Mau Oyiwalika,Local,Blantyre
Mbedza Projects Support,International,Zomba
Media Council of Malawi,Local,Lilongwe
Medical Care Development International,International,Lilongwe
Mentors International,International,Lilongwe
Ministries Network International,Local,Blantyre
Miral Welfare Foundation,International,Lilongwe
Mission Kwasizabantu,Local,Machinga
Mlerawana Rural Development Organization,Local,Lilongwe
Moravian Humanitarian and Development Services,Local,Lilongwe
Motivation Charitable Trust,International,Blantyre
Movement of Advocacy Group in Southern Africa-MAGSA,International,Karonga
Mphatso Zathu Foundation,Local,Blantyre
Mponela Aids Information and Counselling Centre,Local,Dowa
Mtendere Electoral Support Network,Local,Blantyre
Mulanje Mountain Conservation Trust,Local,Mulanje
Munazzamat Al-Dawa Al-Islamia,Local,Blantyre
Mustard Seeds Communities,Local,Chikhwawa
Mzati Wa Africa Foundation Limited,Local,Lilongwe
Mzimba Institute for Development Communications Trust,Local,Mzimba
NORA DOCHERTY CHARITABLE FOUNDATION,Local,Dedza
NPO Colorbath,International,Mzimba
Namaa Relief and Development,Local,Lilongwe
Nascent Solutions Inc.,International,Lilongwe
National Nutrition HIV/AIDS Social Rehabilitation,Local,Blantyre
National Sickle Cell Support Group,Local,Lilongwe
National Women’s lobby and Rights Group,Local,Blantyre
Ndi Moyo Palliative Care Trust,Local,Salima
Neno Active Youth in Development,Local,Neno
Network for Prisoner’s Spouses and Children Organisation,Local,Zomba
Network for Youth Development,Local,Lilongwe
Network of Journalists Living with HIV,Local,Lilongwe
New Apostolic Church Relief Organisation,Local,Lilongwe
Nkhadze Alive Youth Organisation,Local,Balaka
Nkhoma Synod Youth and Children Ministry,Local,Lilongwe
Nurses For Health,Local,Lilongwe
OPULENCE,Local,Lilongwe
One Step Foundation,Local,Lilongwe
OneDollarGlasses Malawi,Local,Lilongwe
OneSight EssilorLuxottica Foundation,International,Zomba
Open Arms Infant Homes,Local,Blantyre
Operation Smile,Local,Lilongwe
Optimum Foundation,Local,Salima
Orant Charities Africa,Local,Lilongwe
Organisation for  Sustainable Sustainable Socio- Economic Development Initiative,Local,Lilongwe
Outreach Development Program,Local,Kasungu
Outreach Scout Foundation,Local,Lilongwe
Oxfam GB in Malawi,International,Lilongwe
PACOSALI FOUNDATION,Local,Neno
PACT Malawi,International,Lilongwe
PALLOTTINES LIMITED,Local,Lilongwe
PATH,International,Lilongwe
PBJ Foods,Local,Lilongwe
POWER GLOBAL INTERNATIONAL,Local,Lilongwe
PRIVATE CLINICS ASSOCIATION,Local,Lilongwe
Pace for social change,Local,Mzuzu
Paediatrics and Child Health Association,Local,Blantyre
Pakachere Institute for health and Develoment,Local,Blantyre
Palliative Care Association Malawi,Local,Lilongwe
Pamoza Tingakwaniska Youth Organization,Local,Karonga
Paralegal Advisory Service Institute,Local,Lilongwe
Parent and Child Health Initiative,Local,Lilongwe
Parent of Disabled Children Association of Malawi,Local,Blantyre
Participatory development Initiatives,Local,Lilongwe
Partners in Action for Sustainable Development,Local,Zomba
Partners in Child Youth and Women Development,Local,Dowa
Partners in Health/Abwenzi Pa Za Umoyo,International,Neno
Partners in Hope,Local,Lilongwe
Passion Centre for Children,Local,Zomba
Patient and Community Welfare Foundation of Malawi,Local,Chikhwawa
Peace and Development Trust,Local,Blantyre
Pentecostal Charismatic Network of Malawi,Local,Blantyre
People In Action For Development,Local,Nsanje
Peoples Federation for national Peace and development,Local,Blantyre
Philadephia Foundation Malawi,Local,Balaka
Phunzirani Development Organisation,Local,Mzimba
Plan International INC. Malawi,International,Lilongwe
Population Services International,International,Lilongwe
Positive Steps,Local,Balaka
Prison Fellowship Malawi,Local,Balaka
Project HOPE For Health Workers,Local,Lilongwe
Project HOPE Namibia-MA,International,Blantyre
Project Mlatho,Local,Lilongwe
Project Peanut Butter,Local,Blantyre
Quadria Muslim Association of Malawi,Local,Lilongwe
R4H,Local,Lilongwe
REACH OUT PROGRAMME,Local,Blantyre
RELEASED ARROW SUPPORT TRUST,Local,Thyolo
RENEW N’ ABLE MALAWI,Local,Blantyre
Rafiki Foundation Malawi,Local,Mzuzu
Rainbow Childrens Development Centre,Local,Lilongwe
Rays of Hope Ministries,Local,Blantyre
Reach the  Needy,Local,Lilongwe
Redeemed Relief and Development Services,Local,Lilongwe
Regional Psychosocial Support Initiative,International,Lilongwe
Rhema Institute for Development,Local,Dowa
Right To care Malawi,Local,Lilongwe
Rights People Claim,Local,Mzimba
Rise and Soar Limited,Local,Lilongwe
Rivers of Goodness,Local,Zomba
Rural Development Support Trust,Local,Nsanje
Rural Poultry Centre,Local,Lilongwe
Ruth’s Shaw Inc,International,Lilongwe
SANEWOPA LIMITED,Local,Lilongwe
SCHOOL OF AGRICULTURE FOR FAMILY INDEPENDENCE (SAFI),Local,Lilongwe
SINDI MARIA FOUNDATION FOR ENTREPRENUERSHIP AND COMMUNITY DEVELOPMENT,Local,Lilongwe
SKILLS AND DEVELOPMENT INITIATIVE,Local,Zomba
SOS children Village Malawi,Local,Lilongwe
STANDING VOICE,International,Lilongwe
STRONGER TOGETHER (ENTERTAINERS FOR A CAUSE),Local,Blantyre
SUSTAINA,Local,Lilongwe
Saint John of God Hospitaller Services,Local,Lilongwe
Salima Governance Network,Local,Salima
Salima Mandate to Limit Aids,Local,Salima
Sanitary Centre for Development,Local,Mzimba
Save Orphan Ministries,Local,Lilongwe
"Save the Children Federation, Inc.",Local,Lilongwe
Save the Children International,International,Lilongwe
Save the poor Foundation,Local,Blantyre
Savings and Marketing for Transformation,Local,Zomba
Scottish international Relief Malawi/Mary’s Meals Malawi,International,Blantyre
Seibo Maria,Local,Blantyre
Sexual and Reproductive Health and Rights Alliance,Local,Lilongwe
Shelter on the Rock,Local,Blantyre
Shire Highland Development Trust,Local,Lilongwe
Small producers Development and Transporters Association,Local,Mzuzu
Smile Malawi,International,Thyolo
Smile Mums Foundation,Local,Lilongwe
Social Action for Development,Local,Mzuzu
Social Islamic Development,Local,Lilongwe
Soils Food and Healthy Communities,Local,Mzimba
Soko Fund Graduate Association,Local,Lilongwe
Solar Aid Malawi,International,Lilongwe
Solar Energy & Ecology Institute,Local,Nkhatabay
Sopowerful Foundation,International,Blantyre
Southern Africa Literature Trust,International,Zomba
Spark Microgrants,Local,Lilongwe
Sprout Global Alliance,Local,Lilongwe
Stephanos Foundation,International,Blantyre
Stichting Hulp aan Malawi,International,Lilongwe
Stichting Oneheart,Local,Mangochi
Student Christian Organisation of Malawi,Local,Lilongwe
Sub-Saharan Africa Family Enrichment,Local,Zomba
SunFire Social Ltd,Local,Balaka
Sustainable Development Initiative,Local,Blantyre
Sustainable Farming Solutions,Local,Mzuzu
Synod of Livingstonia Church of Central africa Presbyterian,Local,Mzuzu
THE REGISTERED TRUSTEES OF MAI HALIMA ISLAMIC ORPHANAGE,Local,Blantyre
THE REGISTERED TRUSTEES OF THE GREEN LIVELIHOODS,Local,Lilongwe
THE REGISTERED TRUSTEES OF THE INSTITUTE OF TAMVA FRIENDS FOR THE DEAF,Local,Blantyre
TICODE,Local,Lilongwe
TIYENDE PAMODZI FOUNDATION – FOR PERSONS WITH DISABILITIES,International,Mchinji
TOMORROW`S HOPE FOUNDATION LIMITED,Local,Blantyre
TeamLift,International,Karonga
TechnoServe,International,Lilongwe
Teethsavers International Inc.,International,Lilongwe
Teleza Charity Foundation,Local,Balaka
Temwa Malawi,Local,Mzuzu
Thandie John Foundation,Local,Blantyre
The Bible Society of Malawi,Local,Blantyre
The CharChar Trust,Local,Lilongwe
The Chesney Trust,Local,Mzuzu
The Foundation for Rural Development,Local,Lilongwe
The Heartwarmers Foundation,Local,Thyolo
The Malama Feeding Centre Trust,Local,Mangochi
The Mlambe Project Limited,Local,Balaka
The Muona Foundation,Local,Nsanje
The Raising Malawi,Local,Blantyre
The Samaritan Trust,Local,Blantyre
The Sonder Project,International,Kasungu
The Sparkle Foundation,International,Zomba
The Story Workshop and Education Trust,Local,Blantyre
The William Stewart Foundation,Local,Chitipa
Theatre for A Change,Local,Lilongwe
There is Hope,Local,Lilongwe
Tigwiranemanja AIDS Support Organisation,Local,Kasungu
Timveni Child and Youth Media Organisation,Local,Lilongwe
Tiphedzane community Support Organisation,Local,Nsanje
Tiwovyane organization,Local,Nkhatabay
Tiyeni,Local,Mzuzu
Total Ecosystem Management,Local,Lilongwe
Total LandCare Malawi,Local,Lilongwe
Total Life Campaign,Local,Lilongwe
Tovwirane Organisation,Local,Mzimba
Trocaire,International,Lilongwe
Trust Psychosocial Support Limited,Local,Lilongwe
Trustees of Foundation for Community Development Programs,Local,Lilongwe
Tsogola Solar-works,Local,Lilongwe
Tsogolo La Thanzi – Health Future,Local,Balaka
Tubepoka Development Initiative,Local,Chitipa
Ukhondo Services Foundation,Local,Karonga
Umodzi Youth Organization,Local,Blantyre
Umoyo Services Improvement Agency,Local,Lilongwe
Ungweru,Local,Mzuzu
United Purpose,International,Lilongwe
VILLAGE FOUNDATION,International,Mangochi
Vets of Purpose Organization,Local,Lilongwe
VillageReach,International,Lilongwe
Villages in Partnership Malawi,Local,Zomba
Voluntary service Overseas,International,Lilongwe
WASTE Advisers,Local,Blantyre
WOMEN PALM TREE ORGANISATION,Local,Dowa
WORLD BICYCLE RELIEF LIMITED,Local,Lilongwe
WORLD NEIGHBORS LIMITED,International,Mwanza
Wandikweza,Local,Lilongwe
Wasambo Education Foundation,Local,Karonga
Water Wells for Africa,International,Blantyre
Water Witness International,Local,Blantyre
Water Works,International,Lilongwe
Water and Environmental Sanitation Network(WES Network),Local,Lilongwe
Water for People,International,Blantyre
WaterAid  Malawi,International,Lilongwe
Welthungerhilfe,International,Lilongwe
White Ribbon Alliance for Safe Motherhood,Local,Lilongwe
Wildlife and Environmental Society of Malawi,Local,Blantyre
William J Clinton Foundation,International,Lilongwe
With Change In Mind,International,Nkhotakota
Women Lawyers Association,Local,Lilongwe
Women for Fair Development,Local,Blantyre
Women’s Coalition Against Cancer,Local,Lilongwe
Women’s Hope for Change,Local,Mchinji
Women’s Legal Resources Centre,Local,Blantyre
World Child Cancer,International,Blantyre
"World Education, Inc",International,Blantyre
World Learnig Inc,International,Lilongwe
World Renew,International,Lilongwe
World Sharp,International,Lilongwe
Y-AFRICA,Local,Lilongwe
YOUTH SKILLS CENTERED NETWORK,Local,Chiradzulu
Yamba Malawi,Local,Lilongwe
Young Life,International,Blantyre
Young Women’s Christian Association of Malawi,Local,Blantyre
Youth Action for Environmental Management,Local,Salima
Youth Alliance for Sustainable Development,Local,Mchinji
Youth Coalition for the Consolidation of Democracy,Local,Chikhwawa
Youth Corps Foundation,Local,Lilongwe
Youth Empowerment & Education Support Foundation,Local,Blantyre
Youth Net and counselling,Local,Zomba
Youth Network For Adaptation Of Climate Change,Local,Lilongwe
Youth Project Excellence,Local,Lilongwe
Youth Response for Social Change,Local,Machinga
Youth Wave,Local,Lilongwe
Youth and Society (YAS),Local,Mzuzu
Youth for Action Campaign,Local,Mzuzu
Youth for Environment and Sustainable Development,Local,Lilongwe
ZAKEYU MEDICAL CLINIC,Local,Salima
ZIKOMO FOUNDATION LIMITED,Local,Lilongwe
Zam Zam Foundation,Local,Zomba
Zoe Empowers,Local,Lilongwe
iMind Company Limited,Local,Blantyre
mothers2mothers,International,Lilongwe
Active Youth Iniative for Socail Enhancement,Local,Lilongwe
Adolescent Girls Literacy Association,Local,Nsanje
Advocation Rights of People Living with HIV/AIDS and Women Empowernment,Local,Blantyre
Africa Child Foundation,Local,Kasungu
Africa Future Foundation,International,Lilongwe
Africa Mindset Change Development,Local,Blantyre
African Centre of Communication for Development,Local,Lilongwe
African Development & Education Foundation,Local,Blantyre
Agribusiness Systems International,International,Lilongwe
Al-Ehsan and A-Bir Trust,Local,Blantyre
Alinane Chisomo Television Trust,Local,Lilongwe
All Creatures Animal Welfare league,Local,Lilongwe
Ana Onse Mpata Umodzi,Local,Lilongwe
Anna kachikho Foundation,Local,Blantyre
Applied Development Communication and Training Services,Local,Blantyre
Asian Business Community,Local,Blantyre
Association for The  Empowernment of Women,Local,Blantyre
Banda Bola Sports Foundation,Local,Salima
Billy Riordan Memorial Trust,Local,Mangochi
Blantyre Health Research and Training Trust,Local,Blantyre
Blantyre North Relief Project,Local,Blantyre
Bwalo Initiative,Local,Zomba
CHAGUNDA Community PROJECT,Local,Thyolo
Callista Mutharika  Safe Motherhood Foundation,Local,Lilongwe
Capacity Building Unit for NGO’s,Local,Blantyre
Center for Governance and Public Participation,Local,Lilongwe
Center for Youth and Children Affairs,Local,Lilongwe
Centre for Advancement of Sustainable Development,Local,Blantyre
Centre for Agriculture Labour Efficient and Development,Local,Lilongwe
Centre for Children Affairs_Malawi,Local,Chikhwawa
Centre for Community and Youth Development,Local,Lilongwe
Centre for Development Journalism and Advocacy,Local,Lilongwe
"Centre for Development, Research and Information in Southern Africa",Local,Lilongwe
Centre for Health and Development Impact,Local,Lilongwe
Centre for Investigative Journalism in Malawi,Local,Mzuzu
Centre for Legal Assistance,Local,Lilongwe
Centre for Sustainable Development,Local,Blantyre
Centre for Sustainable Integrated Development,Local,Salima
"Centre for Women, Childen and Youth Empowerment",Local,Mzuzu
Centre for Young Leaders in Africa,Local,Lilongwe
Centre for Youth Development and Social Empowerment,Local,Lilongwe
Chambe Centre for Divine Mercy,Local,Thyolo
Chance for Change,International,Lilongwe
Change Her World,Local,Karonga
Chikondano Women and Allied,Local,Blantyre
Child rights Advocacy and Paralegal aid centre,Local,Lilongwe
Children’s Hope,Local,Zomba
Chilengedwe Eco-System Management Organisation,Local,Kasungu
Chingale Neno Recovery & Development Programme,Local,Zomba
Chovwano for Development,Local,Mzimba
Christian Orphan outreach mission,Local,Ntcheu
Christian Service Committee of the Churches in Malawi,Local,Kasungu
Citizens Health,Local,Lilongwe
Citizens for justice,Local,Lilongwe
Civil Liberties Committee,Local,Blantyre
Climate Friendly Food and Fuel,Local,Lilongwe
Co-ordination Unit for Rehabilitation of the Environment,Local,Blantyre
Coalition for the Empowerment of Women and Girls,Local,Lilongwe
Coalition on Media and Education for Development Africa Forum,Local,Lilongwe
Collective Action For Sustainable Community Development,Local,Lilongwe
Comitato Internazionale Per Lo Sviluppo Dei Popoli,International,Lilongwe
Commercial drivers Rehabilitation Consultative Council,Local,Lilongwe
Communities in Development Activities,Local,Mzimba
Community Against Diabetes & Hypertension,Local,Lilongwe
Community Care Project Trust,Local,Lilongwe
Community Centre for Youth Support,Local,Lilongwe
Community Enrichment Services Limited,Local,Lilongwe
Community Health Rights Advocacy Limited,Local,Lilongwe
Community for Youth Development,Local,Mzuzu
Corruption and Rights Watch,Local,Lilongwe
Counselling of the Adolescent and Youth Organisation,Local,Lilongwe
Creative Centre for Learning Disability,Local,Lilongwe
DEFAM,Local,Lilongwe
Development and Equity in Training Aid,Local,Lilongwe
Disabilty HIV and Aids Trust,Local,Lilongwe
Disabled Women in Africa,Local,Lilongwe
Disabled Women in Development,Local,Blantyre
Dominion Foundation,Local,Lilongwe
Dream Big Global Initiative,Local,Blantyre
ECHO Africa,Local,Blantyre
Ecumenical Counselling Centre,Local,Lilongwe
Education Commision,Local,Lilongwe
Education Commission of Lilongwe,Local,Lilongwe
Eldery People Association,Local,Blantyre
Elohim Ministries,Local,Lilongwe
Engage the Nations,Local,Dowa
Environment Africa,International,Lilongwe
Environmental and Education resources Development Trust,Local,Blantyre
Equitas,Local,Lilongwe
Eye for Development,Local,Lilongwe
Facilitators of Community Transformation,Local,Lilongwe
Faith Orphanage and Youth Organisation,Local,Blantyre
"Family Rights, Elderly and Child  Protection",Local,Blantyre
Farmers Forum for Trade and Social Justice FAFOTRAJ),Local,Lilongwe
Female Education and Empowerment Centre Trust,Local,Thyolo
Fletcher Moyo Foundation,Local,Lilongwe
Forum for AIDS Counselling and Training,Local,Lilongwe
Forum for Civic Education,Local,Lilongwe
Foundation for Actions Against AIDS and for Sustained Development,Local,Lilongwe
Foundation for Arts and Culture,Local,Lilongwe
Foundation for Development and Population Initiatives,Local,Lilongwe
Foundation for Rural Development,Local,Blantyre
Foundation for Volunteers Services,Local,Blantyre
Fountain of Life,Local,Lilongwe
Friends of Machinga,Local,Machinga
Friends of Sick Children,Local,Blantyre
Future of Children Foundation,Local,Salima
GGEM Farming,Local,Nkhotakota
Gertrude Muthalika Beautify Malawi Trust,Local,Lilongwe
Gift Foundation,Local,Lilongwe
Girl Effect,International,Lilongwe
"Girl-child Education, HIV and Aids",Local,Mchinji
Girls Education Program SWEMAL,Local,Dowa
Girls Education and Women Empowerment,Local,Blantyre
Global Hope Mobilisation,Local,Lilongwe
God’s  Project,Local,Blantyre
Good News Corps,Local,Lilongwe
"Governance, Gender, Justice and Development Centre",Local,Lilongwe
Grace Foundation,Local,Lilongwe
Grains Hope Mobilisation,Local,Lilongwe
Grassroots Movement for Health & Development,Local,Lilongwe
H.E.L.P Malawi,International,Balaka
H.H.K Mission,International,Zomba
Happy Heart Trust,Local,Mangochi
Healing Every National,Local,Blantyre
Health and Rights education Programme,Local,Blantyre
Henri Mumba Foundation,Local,Lilongwe
Hivos Foundation,International,Lilongwe
Hope African  International,International,Lilongwe
Hope Missions Ministries,Local,Lilongwe
Hope for Adolescents,Local,Nkhotakota
Hope for Cancer Foundation,Local,Lilongwe
Hope for Children Development Initiative,Local,Lilongwe
Hope for Empowerment of Local Communities,Local,Lilongwe
Hope for The Blind,Local,Lilongwe
Hope for the Heart Missions,Local,Lilongwe
Hope for the Nations,Local,Lilongwe
IGA Malawi,Local,Lilongwe
IQRA Islamic Vision,Local,Mangochi
Innovation Fish Farmers Network Trust,Local,Lilongwe
Innovation for Development,Local,Blantyre
Innovations for Poverty Action,International,Lilongwe
Intergrated Health Initiative,Local,Lilongwe
Jesuit World Learning,Local,Dowa
Joy to the World Ministries,Local,Lilongwe
Joyce Banda Foundation International,International,Blantyre
Judith Foundation,Local,Lilongwe
Kamamina Orphan Support and Skills Centre,Local,Lilongwe
Kaporo foundation Community trust,Local,Karonga
Kasalika Community development Organisation,Local,Dowa
Kidney research Foundation,Local,Blantyre
Knowledge of the Laws of the Land,Local,Mzuzu
Kusewera,Local,Lilongwe
Landnet Malawi,Local,Lilongwe
Learning Aid Limited,Local,Lilongwe
Legal resources Foundation,Local,Blantyre
Leples Vision for the Needy,Local,Lilongwe
Lifecare Foundation Malawi,Local,Blantyre
Lift me up,Local,Blantyre
Ligowe Community Development Organisation,Local,Neno
Likoma Conservation Foundation,Local,Likoma
Link for Citizen Empowerment and Development,Local,Lilongwe
Lipangwe Organic manure Demonstrarion farm,Local,Ntcheu
Literacy For Change,Local,Lilongwe
Little Dresses for Africa,Local,Lilongwe
"Lobbying for Peace, Justice and Transparency",Local,Mzuzu
Lukas Foundation,Local,Blantyre
M’bawa Herbalists Association,Local,Lilongwe
Malawi AIDS Counselling Resource Organisation,Local,Lilongwe
Malawi Centre for Advice Research & Education on Rights,Local,Blantyre
Malawi Enterprise Zone Association,Local,Lilongwe
Malawi Human Rights Youth Network,Local,Lilongwe
Malawi Network of People Living with HIV/AIDS,Local,Lilongwe
Malawi Women Association,Local,Lilongwe
Mama Africa Foundation Trusta,Local,Lilongwe
Mchenga Local NGO,Local,Lilongwe
Mchinji Orphanage (Home of Hope),Local,Mchinji
Medic to Medic,Local,Lilongwe
Medicines San Frontiers-Belgium,International,Lilongwe
Medicins Sans Frontiers-France,International,Blantyre
Mercy Care,Local,Lilongwe
Mercy Charity Foundation,Local,Salima
Mibawa Multimedia for Social Development,Local,Blantyre
Micro Loan Foundation,International,Kasungu
Mineral and Appropriate technology Applicable in Malawi,Local,Lilongwe
Ministry of Zoey’s Place,International,Lilongwe
Miracle Foundation,Local,Balaka
"Miske Witt & Associates, Inc",International,Lilongwe
Mother Mary’s Children Centre,Local,Chikhwawa
Mothers Helping Hand Trust,Local,Blantyre
Mothers Support Initiative Trust,Local,Lilongwe
Mpherere Association for Development in Education,Local,Ntchisi
Munawwarah Islamic Organisation,Local,Blantyre
Muni Vocational Home Centre,Local,Blantyre
Muslim Association of Malawi,Local,Blantyre
NASO Trust-For Positive Mindset Change,Local,Nkhotakota
NGO Gender Coordination network,Local,Lilongwe
Naki Foundation,Local,Blantyre
Nanzikambe Arts development Organisation,Local,Lilongwe
National  Association of Business Women,Local,Lilongwe
National Association for People Living with HIV/AIDS in Malawi,Local,Lilongwe
National Cooperation Business association -CLUSA International,International,Blantyre
National Elections Systems Trust,Local,Blantyre
Nature Conservation and Humanitarian Support Organisation,Local,Blantyre
Ndi tsogolo langa,Local,Lilongwe
New Vision Foundation Trust,Local,Lilongwe
Nkhotakota Community Radio,Local,Nkhotakota
Nvak Foundation,International,Lilongwe
OUR AIM FOUNDATION,Local,Mchinji
Organizaciao Fraternidade Sem Fronteiras,International,Dowa
Orphan Care Malawi Project,Local,Blantyre
"Orphan Widow, Aids, Campaign Organisation",Local,Lilongwe
Oxfam Ireland,Local,Lilongwe
Paediatric Surgery Trust,Local,Blantyre
Pamoza International,Local,Mzimba
Pamudzi Community Trust,Local,Blantyre
Pang’ono Pang’ono O.D.V,International,Balaka
Participatory Rural Development Organisation,Local,Lilongwe
Partner for Development,Local,Lilongwe
Partners Alliance in Development,Local,Lilongwe
Partnership for Human Security,Local,Lilongwe
Peachtree Tubepoka Legacies,Local,Chitipa
Perivoli Schools Trust,International,Lilongwe
Philadelphia Missionary Training Centre,Local,Neno
Phokera Health Initiative,Local,Lilongwe
Positive Action for Youth and Women,Local,Dowa
Prisca Care Foundation,Local,Lilongwe
Professional Women’s Network,Local,Lilongwe
Programme for Rural Empowerment,Local,Lilongwe
Project Child Malawi,Local,Lilongwe
Project Heart to Heart Malawi,Local,Blantyre
Project Hope Malawi,International,Lilongwe
Project Revival,Local,Lilongwe
Public Affairs Committee,Local,Lilongwe
Public Service Pensioners Association,Local,Lilongwe
Pump Aid,International,Lilongwe
Reflecting Foundation,Local,Blantyre
Reha,Local,Lilongwe
Rejoice in Hope (Sister to Brother),Local,Lilongwe
Research For Equity and Community Health-Trust,Local,Lilongwe
Research Triangle Institute,International,Lilongwe
Resilient Communities Africa Trust,Local,Blantyre
Rhoda Foundation for Development Initiatives,Local,Mzimba
Rights Advice Centre,Local,Dedza
Rights institute for Social Empowerment,Local,Lilongwe
Rumphi HIV/AIDS and Education Awareness programme,Local,Rumphi
Rural Education Support and Rehabilitation Unit,Local,Blantyre
SAFAIDS,International,Lilongwe
Salima HIV/AIDS Support Organisation,Local,Salima
Sandi-Thandiza,Local,Lilongwe
Save the Youth Organisation,Local,Lilongwe
Seward incorporated,International,Lilongwe
Sheikhs Ulama Council of malawi,Local,Lilongwe
Small Scale Livestock promotion programme,Local,Lilongwe
Social Foundation justice Development Council,Local,Zomba
Social Initiative Program and Community Innovation Organisation,Local,Blantyre
Society for Women and Aids in malawi,Local,Lilongwe
Sparrows Girls’ Foundation,Local,Lilongwe
Special Olympics Malawi,Local,Blantyre
Sugarcane Growers Association of malawi,Local,Nkhotakota
Support Elderly People and Youth Initiative Organisation,Local,Lilongwe
Support the Children Initiative,Local,Lilongwe
Sustainable Community Development Through Peoples Participation,Local,Chikhwawa
Sustainable Rural Community development  Organisation,Local,Nsanje
The Archdiocese Lilongwe Diocese Catholic Health Commision,Local,Lilongwe
The New Restoration Ministries international,Local,Lilongwe
Tigwirane Manja Organisation,Local,Blantyre
Titha Organisation for Persons with Disability,Local,Lilongwe
Tithandizane Association for the Blind,Local,Blantyre
Tithandizane Youth Support Organisation,Local,Balaka
Tiwakhululukire Iwowa Initiative,Local,Blantyre
Training Support for Partners,Local,Lilongwe
Ufulu Malawi,International,Lilongwe
Ulimi Trust,Local,Mangochi
Umunthu Foundation,Local,Blantyre
United Village Transformation,International,Lilongwe
Unlimited Youth Organisation,Local,Mzuzu
Village Savings and Development Enhancement Initiative,Local,Dedza
Village of Hope,International,Lilongwe
VoiceFlame,International,Lilongwe
Wakisa Local NGO,Local,Lilongwe
War on Want Northern Ireland,International,Salima
Wellspring Ministries,Local,Lilongwe
Women and Law in Southern Africa,Local,Blantyre
Women in Partnership Against HIV and AIDS,Local,Blantyre
Work for Rural Health,Local,Lilongwe
World Connect INC,International,Lilongwe
World Hope International,International,Blantyre
World Medical Fund,International,Nkhotakota
World University Service of Canada,International,Lilongwe
Yaboki Social Welfare Organisation,Local,Lilongwe
Youth Initiative for Change and Development,Local,Blantyre
Youth and Childrens Rights Shield,Local,Dedza
Youth for Development and Productivity,Local,Zomba
Youth for Green World,Local,Blantyre
"Youth of Malawi, INC",International,Mchinji
